,mínimo,máximo,conteo,sumatoria,media,varianza,desv_estándar,asimetría,curtosis
streams,36891.0,3972048.0,66174.0,19191928475.0,290022.191,69226413435.373,263109.128,3.115,17.663
weeks_on_chart,1.0,290.0,66174.0,2710535.0,40.961,2440.622,49.403,1.941,3.792
rank,1.0,200.0,66174.0,6475097.0,97.85,3365.588,58.014,0.05,-1.207
peak_rank,1.0,200.0,66174.0,2583178.0,39.036,2062.72,45.417,1.373,1.067
danceability,0.156,0.98,66174.0,44488.494,0.672,0.02,0.142,-0.503,-0.15
energy,0.022,0.989,66174.0,42928.836,0.649,0.028,0.168,-0.458,-0.238
loudness,-31.16,-1.148,66174.0,-421408.652,-6.368,5.074,2.252,-1.202,3.598
speechiness,0.023,0.723,66174.0,7043.037,0.106,0.01,0.101,1.738,2.689
acousticness,0.0,0.994,66174.0,14637.028,0.221,0.06,0.246,1.28,0.718
instrumentalness,0.0,0.948,66174.0,557.853,0.008,0.004,0.061,10.257,117.325
liveness,0.025,0.97,66174.0,11244.149,0.17,0.015,0.124,1.873,4.311
valence,0.032,0.978,66174.0,34689.042,0.524,0.053,0.23,-0.079,-0.878
tempo,40.319,208.918,66174.0,7999861.48,120.891,745.633,27.306,0.409,-0.01
duration,36935.0,690732.0,66174.0,13499610247.0,204001.726,2281338171.287,47763.356,1.58,8.209
